{
  "labels_dir": "../../training_label_maps",
  "generation_labels": [ 0, 14, 15, 16, 24, 72, 85, 502, 506, 507, 508, 509, 511, 512, 514, 515, 516, 530,  2,   3,   4,   5,   7,   8,  10,  11, 12,  13,  17,  18,  25,  26,  28,  30, 136, 137,  41,  42,  43, 44,  46,  47,  49,  50,  51,  52,  53,  54,  57,  58,  60,  62, 163, 164],
  "n_neutral_labels": 18,
  "output_labels": [0, 14, 15, 16, 24, 0, 0, 0, 0, 0, 0, 0, 0, 0, 0, 0, 0, 0, 2, 3, 4, 5, 7, 8, 10, 11, 12, 13, 17, 18, 0, 26, 28, 0, 0, 0, 41, 42, 43, 44, 46, 47, 49, 50, 51, 52, 53, 54, 0, 58, 60, 0, 0, 0],
  "subjects_prob": null,
  "batchsize": 1,
  "n_channels": 2,
  "target_res": null,
  "output_shape": null,
  "output_div_by_n": null,
  "generation_classes": [0,
 1,
 2,
 3,
 4,
 5,
 6,
 7,
 8,
 9,
 10,
 11,
 12,
 13,
 14,
 15,
 16,
 17,
 18,
 19,
 20,
 21,
 22,
 23,
 24,
 25,
 26,
 27,
 28,
 29,
 30,
 31,
 32,
 33,
 34,
 35,
 36,
 37,
 38,
 39,
 40,
 41,
 42,
 43,
 44,
 45,
 46,
 47,
 48,
 49,
 50,
 51,
 52,
 53],
  "prior_distributions": "uniform",
  "prior_means": [[29.70888313266161,
  20.110006044539578,
  44.68261317504154,
  52.68382185428492,
  71.82489114739035,
  0.0,
  0.0,
  0.0,
  0.0,
  0.0,
  0.0,
  0.0,
  0.0,
  0.0,
  0.0,
  0.0,
  0.0,
  0.0,
  92.68495126368434,
  87.67975616231244,
  34.0110034792112,
  50.872287225289256,
  89.92236953693018,
  109.95650821304302,
  45.86707951598859,
  51.941975414466725,
  61.29815630686011,
  56.05999595865198,
  56.339530921066064,
  47.22512611879589,
  0.0,
  46.33906948451094,
  43.28163224431157,
  0.0,
  0.0,
  0.0,
  92.2236847216617,
  91.65985703203553,
  31.240180176107735,
  48.06864589590897,
  86.2815408840878,
  100.49962195223532,
  40.99375284978622,
  57.45196972494169,
  64.0338049922337,
  59.59779293274818,
  51.67268016984602,
  54.1671916348741,
  0.0,
  51.32768043625668,
  43.32829707337775,
  0.0,
  0.0,
  0.0],
 [29.714825503525226,
  20.114028447988833,
  44.69155059141818,
  52.69435967243759,
  71.83925756226132,
  1.0,
  1.0,
  1.0,
  1.0,
  1.0,
  1.0,
  1.0,
  1.0,
  1.0,
  1.0,
  1.0,
  1.0,
  1.0,
  92.70349010782148,
  87.6972938673154,
  34.01780636019514,
  50.882462700281806,
  89.94035580946482,
  109.97850171403572,
  45.876253849325124,
  51.95236484849302,
  61.31041716420721,
  56.071209079155764,
  56.35079995415358,
  47.23457208861664,
  1.0,
  46.348338225281914,
  43.29028943647964,
  1.0,
  1.0,
  1.0,
  92.24213130326419,
  91.67819083682242,
  31.24642883700905,
  48.07826058655722,
  86.29879891806803,
  100.51972388681921,
  41.00195242031323,
  57.46346126804099,
  64.04661303403633,
  59.609713683409794,
  51.68301573943694,
  54.178026156653246,
  1.0,
  51.3379469990002,
  43.336963599445035,
  1.0,
  1.0,
  1.0]],
  "prior_stds": [[0.055122639114824276,
  0.00332465727687075,
  0.013032583608857612,
  0.013224765856921014,
  0.03585801848759328,
  0.0,
  0.0,
  0.0,
  0.0,
  0.0,
  0.0,
  0.0,
  0.0,
  0.0,
  0.0,
  0.0,
  0.0,
  0.0,
  0.02837202728614314,
  0.03030452073849219,
  0.01460461909244583,
  0.013928989267328502,
  0.019804518235647352,
  0.03192389085183758,
  0.009293572816141576,
  0.008131652677300896,
  0.006256027520554248,
  0.006626379492445224,
  0.014546337993252726,
  0.007268908970316087,
  0.0,
  0.006206496670070474,
  0.00795507159230679,
  0.0,
  0.0,
  0.0,
  0.028019506145000254,
  0.0304210752439561,
  0.011470843040977119,
  0.011596933751099646,
  0.017272246782920966,
  0.02659294927224179,
  0.006293396502729532,
  0.009813594524591157,
  0.006512552818359792,
  0.006841553831424587,
  0.010460787565248294,
  0.008288292925485125,
  0.0,
  0.006946646397655712,
  0.007499074977515809,
  0.0,
  0.0,
  0.0],
 [0.055133664745210274,
  0.0033253222748259193,
  0.013035190386257122,
  0.013227411074614167,
  0.03586519080852289,
  1.0,
  1.0,
  1.0,
  1.0,
  1.0,
  1.0,
  1.0,
  1.0,
  1.0,
  1.0,
  1.0,
  1.0,
  1.0,
  0.028377702259097665,
  0.030310582248790914,
  0.014607540308385914,
  0.013931775343789612,
  0.019808479535424462,
  0.03193027626854962,
  0.009295431716594853,
  0.008133279170485676,
  0.006257278851191423,
  0.006627704900884558,
  0.014549247551807233,
  0.007270362897502869,
  1.0,
  0.006207738093546835,
  0.007956662765742596,
  1.0,
  1.0,
  1.0,
  0.028025110606675424,
  0.030427160067487247,
  0.01147313743902512,
  0.011599253369811735,
  0.017275701577757034,
  0.026598268394008414,
  0.006294655307910595,
  0.009815557439787593,
  0.006513855459187546,
  0.0068429222790356336,
  0.010462879931998018,
  0.00828995074985266,
  1.0,
  0.006948035865882066,
  0.007500574942507811,
  1.0,
  1.0,
  1.0]],
  "use_specific_stats_for_channel": false,
  "mix_prior_and_random": false,
  "flipping": true,
  "scaling_bounds": 0.02,
  "rotation_bounds": 2,
  "shearing_bounds": 0.015,
  "translation_bounds": 0.0,
  "nonlin_std": 3.0,
  "nonlin_scale": 0.04,
  "randomise_res": false,
  "max_res_iso": 4.0,
  "max_res_aniso": 8.0,
  "data_res": null,
  "thickness": null,
  "bias_field_std": 0.01,
  "bias_scale": 0.025,
  "return_gradients": false
}